{
  "mean": [
    31.809868421052627,
    76.69802631578943
  ],
  "scale": [
    0.08941319549756488,
    1.043366918022259
  ],
  "features": [
    "temperature",
    "humidity"
  ],
  "iso_threshold": -0.6457093314297626,
  "ae_threshold": 0.40364210218191204
}